{
    "model_name": "BaselineCNN (Changed VGG)",
    "num_params": 1283914,
    "num_classes": 10,
    "train_loss": [
        2.2813969612121583,
        2.195824031829834,
        2.1442820692062377,
        2.1017768478393553,
        2.0696645975112915,
        2.038524751663208,
        2.0218735933303833,
        2.003623857498169,
        1.9742142391204833,
        1.9710992908477782,
        1.9593979263305663,
        1.8952255964279174,
        1.914099669456482,
        1.875629382133484,
        1.9112159299850464,
        1.8907364463806153,
        1.8157636833190918,
        1.7997904682159425,
        1.8281288146972656,
        1.7458128690719605
    ],
    "val_loss": [
        2.288889374051775,
        2.142298000199454,
        2.0993622541427612,
        2.099131226539612,
        1.98970707825252,
        1.989008103098188,
        1.9895671776362829,
        1.939848440034049,
        1.9824998208454676,
        1.8777449471609933,
        1.928833075932094,
        1.8655248028891427,
        1.8330504553658622,
        1.9365074123655046,
        1.8899279151644026,
        1.8104292494910104,
        1.7616426263536726,
        1.752784218106951,
        1.7978962659835815,
        1.6765969480787004
    ],
    "val_accuracy": [
        0.1,
        0.26,
        0.29,
        0.24,
        0.29,
        0.27,
        0.26,
        0.32,
        0.3,
        0.36,
        0.28,
        0.35,
        0.36,
        0.33,
        0.32,
        0.33,
        0.36,
        0.39,
        0.43,
        0.39
    ],
    "val_f1": [
        0.028348097967691506,
        0.18435666418859697,
        0.22951393838599826,
        0.20467972950367316,
        0.22279461279461277,
        0.20415488215488214,
        0.19820166320166321,
        0.2616641890171302,
        0.23697776949102506,
        0.2900118835412953,
        0.25423116615067076,
        0.2910265388206565,
        0.31489087332404064,
        0.26174700475211987,
        0.29182251082251087,
        0.32170881749829117,
        0.3205007341427867,
        0.35717678652593543,
        0.42149371869960106,
        0.34004796567456413
    ],
    "notes": "Baseline CNN (Changed VGG) with 3 conv layers and fc1=512"
}