{
    "model_name": "MobilenetV2 (TransferLearning)",
    "num_params": 12810,
    "num_classes": 10,
    "train_loss": [
        2.291240692138672,
        2.233365020751953,
        2.160890693664551,
        2.1030859375,
        2.066712818145752,
        2.0170010900497437,
        1.9483195447921753,
        1.896228494644165,
        1.8493056917190551,
        1.814898943901062,
        1.7709942579269409,
        1.7190184593200684,
        1.6971239805221559,
        1.63117103099823,
        1.6162755012512207,
        1.582908730506897,
        1.568512625694275,
        1.5113693761825562,
        1.4827602910995483,
        1.445354561805725,
        1.4104766511917115,
        1.3791442918777466,
        1.3566185665130615,
        1.298206968307495,
        1.3211281156539918,
        1.2588294076919555,
        1.254478750228882,
        1.2619590806961059,
        1.1984334731101989,
        1.1897479867935181
    ],
    "val_loss": [
        2.231435581445694,
        2.1717860865592957,
        2.114399117231369,
        2.0570883738994596,
        2.0012349379062653,
        1.9556188905239105,
        1.9039151525497438,
        1.8465243363380432,
        1.812624809741974,
        1.7666253650188446,
        1.7030288881063462,
        1.6740222549438477,
        1.6306898814439774,
        1.5816445934772492,
        1.568591451048851,
        1.541717255115509,
        1.5011133408546449,
        1.464663941860199,
        1.4342478823661804,
        1.394344081878662,
        1.376051554083824,
        1.3438137412071227,
        1.3133396503329278,
        1.2798209592700005,
        1.2639614725112915,
        1.2401272678375244,
        1.2284326180815697,
        1.199271627366543,
        1.1712630471587182,
        1.1381309930980206
    ],
    "val_accuracy": [
        0.18,
        0.33,
        0.46,
        0.57,
        0.7,
        0.67,
        0.79,
        0.84,
        0.84,
        0.81,
        0.86,
        0.83,
        0.83,
        0.86,
        0.87,
        0.84,
        0.84,
        0.85,
        0.86,
        0.86,
        0.86,
        0.85,
        0.87,
        0.87,
        0.86,
        0.88,
        0.87,
        0.87,
        0.87,
        0.89
    ],
    "val_f1": [
        0.17562902353924026,
        0.3157111972994326,
        0.44581346913955605,
        0.5663377441429321,
        0.6943494314721936,
        0.6623049535603716,
        0.7864994645876999,
        0.8341064700618477,
        0.835623559110906,
        0.7994891774891775,
        0.8580676289654617,
        0.8294133720335093,
        0.8242640114779703,
        0.8571246957974648,
        0.8678766250276547,
        0.8379183465911154,
        0.8355982182069137,
        0.8458090218959784,
        0.8560236229572613,
        0.8573503092381809,
        0.8574909674014533,
        0.8465148378191856,
        0.8677243902206884,
        0.8693816129877512,
        0.8592352092352092,
        0.8798701298701299,
        0.8690051778287072,
        0.8693816129877512,
        0.8676908839952319,
        0.8891992002403901
    ],
    "notes": "MobilenetV2 (TransferLearning) with 12810 Trainable params in last layer"
}